pdb_id,file_used,resolution,ligand_chain,ligand_resname,ligand_resid,ligand_n_heavy,ligand_smiles,ligand_mw,ligand_formula,n_other_ligand_candidates,other_ligand_resnames,n_pocket_residues,error
1m13,1m13.pdb,,A,HYF,"('H_HYF', 435, ' ')",39,[H]O[C@H]1[C@@H](C([H])([H])C([H])C(C([H])([H])[H])C([H])([H])[H])C(O)[C@]2(C([H])([H])C([H])C(C([H])([H])[H])C([H])([H])[H])C(O)[C@@]1(C(O)C([H])(C([H])([H])[H])C([H])([H])[H])[C@](C([H])([H])[H])(C([H])([H])C([H])([H])C([H])C(C([H])([H])[H])C([H])([H])[H])[C@]([H])(C([H])([H])C([H])C(C([H])([H])[H])C([H])([H])[H])C2([H])[H],552.9,C35H68O4,0,,67,
1nrl,1nrl.pdb,,A,SRL,"('H_SRL', 1, ' ')",33,[H]OC1C(C(C([H])([H])[H])(C([H])([H])[H])C([H])([H])[H])C([H])C(C([H])C([PH](O)(OC([H])([H])C([H])([H])[H])OC([H])([H])C([H])([H])[H])[PH](O)(OC([H])([H])C([H])([H])[H])OC([H])([H])C([H])([H])[H])C([H])[C@H]1C(C([H])([H])[H])(C([H])([H])[H])C([H])([H])[H],516.6,C24H54O7P2,1,SRL(33ha),62,
1skx,1skx.pdb,,A,RFP,"('H_RFP', 1, ' ')",51,[H]CC1C(O)C2C3C(O[H])C(C([H])([H])[H])C4O[C@](C([H])([H])[H])(OC([H])C([H])[C@]([H])(OC)[C@@]([H])(C([H])([H])[H])[C@@]([H])(OC(O)C([H])([H])[H])[C@]([H])(C([H])([H])[H])[C@]([H])(O)[C@]([H])(C([H])([H])[H])[C@@]([H])(O)[C@@]([H])(C([H])([H])[H])C([H])C([H])C([H])C(C([H])([H])[H])C(O)N([H])[C@@H]1C3O[H])C(O)C42,734.0,C38H71NO12,0,,64,
2o9i,2o9i.pdb,2.8,A,444,"('H_444', 2, ' ')",31,OC(C1CCC(N(CC(F)(F)F)S(O)(O)C2CCCCC2)CC1)(C(F)(F)F)C(F)(F)F,495.4,C17H26F9NO3S,1,444(31ha),61,
2qnv,2qnv.pdb,,A,CDZ,"('H_CDZ', 1, ' ')",29,[H]OC1[C@H](C(O)C([H])(C([H])([H])[H])C([H])([H])[H])C(O)C(C([H])([H])C([H])C(C([H])([H])[H])C([H])([H])[H])(C([H])([H])C([H])C(C([H])([H])[H])C([H])([H])[H])[C@@H](O[H])[C@@H]1C([H])([H])C([H])C(C([H])([H])[H])C([H])([H])[H],414.7,C25H50O4,0,,49,
3hvl,3hvl.pdb,,A,SRL,"('H_SRL', 1, ' ')",33,[H]OC1C(C(C([H])([H])[H])(C([H])([H])[H])C([H])([H])[H])C([H])C(C([H])C([PH](O)(OC([H])([H])C([H])([H])[H])OC([H])([H])C([H])([H])[H])[PH](O)(OC([H])([H])C([H])([H])[H])OC([H])([H])C([H])([H])[H])C([H])C1C(C([H])([H])[H])(C([H])([H])[H])C([H])([H])[H],516.6,C24H54O7P2,1,SRL(33ha),64,
3r8d,3r8d.pdb,,A,PNU,"('H_PNU', 1, ' ')",20,[H]C1NC([C@@]([H])(SC2NC(Cl)C([H])C(N([H])[H])N2)C([H])([H])[H])C([H])C2C([H])C([H])OC12,320.9,C13H25ClN4OS,0,,47,
4ny9,4ny9.pdb,,A,2Q4,"('H_2Q4', 501, ' ')",30,[H]OC(C([H])([H])[H])(C([H])([H])[H])C([H])([H])C(O)N([H])[C@@]([H])(C(O)N1C([H])([H])C([H])([H])[C@](O[H])(C2C([H])C([H])C(Cl)C([H])C2[H])C(C([H])([H])[H])(C([H])([H])[H])C1([H])[H])C([H])(C([H])([H])[H])C([H])([H])[H],449.1,C23H45ClN2O4,0,,61,
4s0t,4s0t.pdb,,A,40U,"('H_40U', 501, ' ')",29,[H]O[C@]1(C2C([H])C([H])C(Cl)C([H])C2[H])C([H])([H])C([H])([H])N(C(O)[C@]([H])(N([H])C(O)C([H])([H])C2([H])C([H])([H])C2([H])[H])C([H])(C([H])([H])[H])C([H])([H])[H])C([H])([H])C1(C([H])([H])[H])C([H])([H])[H],431.1,C23H43ClN2O3,1,40U(29ha),61,
4x1f,4x1f.pdb,,A,3WF,"('H_3WF', 501, ' ')",22,[H]CC[C@]1(O[H])C([H])([H])C([H])([H])[C@@]2([H])[C@]3([H])C([H])([H])C([H])([H])C4C([H])C(O[H])C([H])C([H])C4[C@@]3([H])C([H])([H])C([H])([H])[C@@]21C([H])([H])[H],306.5,C20H34O2,0,,50,
4x1g,4x1g.pdb,,A,3WF,"('H_3WF', 501, ' ')",22,[H]CC[C@]1(O[H])C([H])([H])C([H])([H])[C@@]2([H])[C@]3([H])C([H])([H])C([H])([H])C4C([H])C(O[H])C([H])C([H])C4[C@@]3([H])C([H])([H])C([H])([H])[C@@]21C([H])([H])[H],306.5,C20H34O2,1,3WG(19ha),48,
4xhd,4xhd.pdb,,A,40U,"('H_40U', 502, ' ')",29,[H]O[C@]1(C2C([H])C([H])C(Cl)C([H])C2[H])C([H])([H])C([H])([H])N(C(O)[C@]([H])(N([H])C(O)C([H])([H])C2([H])C([H])([H])C2([H])[H])C([H])(C([H])([H])[H])C([H])([H])[H])C([H])([H])C1(C([H])([H])[H])C([H])([H])[H],431.1,C23H43ClN2O3,0,,60,
5a86,5a86.pdb,,A,D7E,"('H_D7E', 1433, ' ')",28,[H]C1C([H])C(S(O)(O)N([H])[C@@]([H])(C2NC3C([H])C([H])C(C(F)(F)F)C([H])C3N2C([H])([H])C([H])([H])[H])C([H])([H])[H])C([H])C([H])C1Cl,448.0,C18H33ClF3N3O2S,1,D7E(28ha),50,
5x0r,5x0r.pdb,,A,4WH,"('H_4WH', 501, ' ')",30,[H]C1C(OC([H])([H])[H])C(N2NNC(S(O)(O)C3C([H])C([H])C(C(C([H])([H])[H])(C([H])([H])[H])C([H])([H])[H])C([H])C3[H])C2C([H])([H])[H])C([H])C(C([H])([H])[H])C1OC([H])([H])[H],447.7,C22H45N3O4S,1,4WH(30ha),64,
6bns,6bns.pdb,,A,XGH,"('H_XGH', 501, ' ')",39,[H]OC(C1C([H])C([H])C2C(S[C@@]([H])(C([H])([H])C(O)N([H])C([H])([H])C(O[H])(C([H])([H])[H])C([H])([H])[H])C([H])([H])N2S(O)(O)C2C([H])C([H])C(F)C([H])C2[H])C1[H])(C(F)(F)F)C(F)(F)F,620.7,C23H39F7N2O5S2,1,XGH(38ha),73,
6dup,6dup.pdb,,A,HCJ,"('H_HCJ', 501, ' ')",28,[H]C1C([H])C(C2C([H])C([H])C(OC([H])([H])[C@@]3([H])OC4NC(O)C([H])C([H])N4C3([H])[H])C([H])C2[H])C([H])C(C(F)(F)F)C1[H],406.5,C20H33F3N2O3,0,,53,
6hj2,6hj2.pdb,,A,P06,"('H_P06', 501, ' ')",35,[H]C1NC(N([H])[H])NC(C2SC(C(C([H])([H])[H])(C([H])([H])[H])C([H])([H])[H])NC2C2C([H])C([H])C([H])[C@H](N([H])S(O)(O)C3C(F)C([H])C([H])C([H])C3F)C2F)C1[H],543.8,C23H44F3N5O2S2,0,,65,
6hty,6hty.pdb,2.22,B,GRH,"('H_GRH', 501, ' ')",29,C[C@H](C1CCCCC1)C(O)N[C@H]1CCC(OC2CCCC(Cl)C2)C(S(N)(O)O)C1,453.1,C21H41ClN2O4S,0,,61,
6nx1,6nx1.pdb,2.27,A,L7D,"('H_L7D', 501, ' ')",31,OC([C@H]1CC[C@@H](C2(S(O)(O)[C@H]3CC[C@@H](F)CC3)CCCC2)CC1)(C(F)(F)F)C(F)(F)F,484.5,C20H31F7O3S,1,L7D(25ha),53,
6p2b,6p2b.pdb,,A,NQD,"('H_NQD', 501, ' ')",31,[H]OC1C([H])C(C([H])([H])[H])C2O[C@](C([H])([H])[H])(C([H])([H])C([H])([H])C([H])[C@@H](C([H])([H])[H])C([H])([H])C([H])([H])C([H])C(C([H])([H])[H])C([H])([H])C([H])([H])C([H])C(C(O)O)C([H])([H])[H])C([H])([H])C([H])([H])C2C1[H],440.7,C27H52O4,1,NQD(31ha),60,
6s41,6s41.pdb,2.7,A,KUB,"('H_KUB', 701, ' ')",28,C[C@H](NC1CC(F)C(S(O)(O)NC2CSCN2)CC1Cl)C1CC(F)CCC1F,466.0,C17H31ClF3N3O2S2,1,KUB(28ha),60,
6tfi,6tfi.pdb,,B,N6H,"('H_N6H', 503, ' ')",30,[H]C1C([H])C(Cl)C([H])C(C([H])([H])N([H])[C@H]2NC3C([H])C(C(O)N4C([H])([H])C([H])([H])OC(C([H])([H])[H])(C([H])([H])[H])C4([H])[H])C([H])C(OC([H])([H])[H])[C@H]3O2)C1[H],446.0,C22H40ClN3O4,0,,58,
6xp9,6xp9.pdb,2.27,A,QCG,"('H_QCG', 501, ' ')",37,[H]OC(O)[C@@]([H])(OC(C([H])([H])[H])(C([H])([H])[H])C([H])([H])[H])C1C(C([H])([H])[H])NC2C([H])C(C3C([H])C([H])C([H])C([H])C3[H])NN2[C@H]1C1C([H])C(F)C2OC([H])([H])C([H])([H])C([H])([H])[C@@H]2[C@H]1C([H])([H])[H],525.8,C29H52FN3O4,1,QCG(37ha),57,
7ax9,7ax9.pdb,,A,S6H,"('H_S6H', 501, ' ')",18,[H]C1([H])[C@@]2([H])[C@@]([H])([C@@]([H])(Cl)[C@@]1([H])Cl)[C@@]1(Cl)[C@H](Cl)[C@H](Cl)[C@]2(Cl)C1(Cl)Cl,411.8,C10H8Cl8,0,,49,
7axa,7axa.pdb,,A,CL6,"('H_CL6', 501, ' ')",25,[H]C1NC([H])N(C(C2C([H])C([H])C([H])C([H])C2[H])(C2C([H])C([H])C([H])C([H])C2[H])C2C([H])C([H])C([H])C([H])C2Cl)C1[H],367.0,C22H39ClN2,0,,53,
7axb,7axb.pdb,,A,S68,"('H_S68', 502, ' ')",19,[H]C1([H])O[S@@H](O)OC([H])([H])[C@]2([H])[C@@]1([H])[C@]1(Cl)C(Cl)[C@H](Cl)[C@@]2(Cl)C1(Cl)Cl,411.0,C9H10Cl6O3S,0,,46,
7axc,7axc.pdb,,A,27H,"('H_27H', 501, ' ')",26,[H]OC1C([H])C([H])C(C(O)O[C@@]2([H])C([H])([H])[C@H](C([H])([H])[H])C([H])C([H])([H])[C@@]3(C([H])([H])[H])C([H])([H])C([H])([H])[C@@](O[H])(C([H])(C([H])([H])[H])C([H])([H])[H])[C@@]32[H])C([H])C1[H],368.6,C22H40O4,0,,48,
7axd,7axd.pdb,,A,S6W,"('H_S6W', 501, ' ')",26,[H]C1C(Cl)C(N2NC(CN)C([SH](O)C(F)(F)F)C2N([H])[H])C(Cl)C([H])C1C(F)(F)F,453.3,C12H20Cl2F6N4OS,0,,55,
7axe,7axe.pdb,,A,S6Z,"('H_S6Z', 502, ' ')",22,[H]C1C(Cl)C(OC([H])(C([H])([H])[H])C([H])([H])[H])C([H])C(N2NC(C(C([H])([H])[H])(C([H])([H])[H])C([H])([H])[H])OC2O)C1Cl,355.3,C15H28Cl2N2O3,0,,55,
7axf,7axf.pdb,,A,S6T,"('H_S6T', 501, ' ')",21,[H]C1C([H])C(C([H])([H])C([H])([H])[H])C(N(C(O)C([H])([H])Cl)C([H])([H])C([H])([H])OC([H])([H])C([H])([H])C([H])([H])[H])C(C([H])([H])C([H])([H])[H])C1[H],319.9,C17H34ClNO2,1,S6T(20ha),48,
7axg,7axg.pdb,2.7,A,TBY,"('H_TBY', 501, ' ')",13,CCC[CH2][SnH]([CH2]CCC)[CH2]CCC,291.1,C12H28Sn,1,TBY(13ha),42,
7axh,7axh.pdb,,A,27J,"('H_27J', 504, ' ')",23,[H]OC1C([H])C(O[H])C2C(O)O[C@@]([H])(C([H])([H])[H])C([H])([H])C([H])([H])C([H])([H])[C@]([H])(O[H])C([H])([H])C([H])([H])C([H])([H])C([H])([H])C([H])([H])C2C1[H],330.5,C18H34O5,0,,49,
7axi,7axi.pdb,2.15,A,EST,"('H_EST', 501, ' ')",20,C[C@]12CC[C@@H]3C4CCC(O)CC4CC[C@H]3[C@@H]1CC[C@@H]2O,278.4,C18H30O2,2,"S6E(18ha),S6H(18ha)",47,
7axj,7axj.pdb,2.3,A,CL6,"('H_CL6', 501, ' ')",25,ClC1CCCC[C@H]1C(C1CCCCC1)(C1CCCCC1)N1CCNC1,367.0,C22H39ClN2,1,EST(20ha),46,
7axk,7axk.pdb,2.0,A,EST,"('H_EST', 501, ' ')",20,C[C@]12CC[C@@H]3C4CCC(O)CC4CC[C@H]3[C@@H]1CC[C@@H]2O,278.4,C18H30O2,1,S68(19ha),45,
7axl,7axl.pdb,2.5,A,EST,"('H_EST', 501, ' ')",20,C[C@]12CC[C@@H]3C4CCC(O)CC4CC[C@H]3[C@@H]1CC[C@@H]2O,278.4,C18H30O2,1,S65(18ha),45,
7n2a,7n2a.pdb,,A,07F,"('H_07F', 501, ' ')",31,[H]OC1C(F)C([H])C([H])C([H])C1C1N[C@@H](C([H])([H])[H])C(C([H])([H])C2C([H])C([H])C([H])C([H])C2[H])C(O)N1C([H])([H])C([H])([H])C1C([H])C([H])C([H])C([H])C1[H],438.7,C26H47FN2O2,0,,58,
7rio,7rio.pdb,,A,5YX,"('H_5YX', 501, ' ')",40,[H]C1NC(C([H])([H])C([H])([H])S(O)(O)C([H])([H])[H])NC(C2SC(C(C([H])([H])[H])(C([H])([H])[H])C([H])([H])[H])NC2C2C([H])C([H])C([H])[C@@H](N([H])S(O)(O)C3C([H])C(F)C([H])C([H])C3F)C2F)C1[H],636.9,C26H51F3N4O4S3,0,,70,
7riu,7riu.pdb,2.05,A,5YU,"('H_5YU', 501, ' ')",32,CC(C)(C)C1NC(C2CCCC(NS(O)(O)C3CCSC3)C2F)C(C2CCNC(N)N2)S1,511.8,C21H42FN5O2S3,0,,59,
7riv,7riv.pdb,,A,P06,"('H_P06', 501, ' ')",35,[H]C1NC(N([H])[H])NC(C2SC(C(C([H])([H])[H])(C([H])([H])[H])C([H])([H])[H])NC2C2C([H])C([H])C([H])[C@@H](N([H])S(O)(O)C3C(F)C([H])C([H])C([H])C3F)C2F)C1[H],543.8,C23H44F3N5O2S2,0,,65,
7yfk,7yfk.pdb,2.1,A,G3L,"('H_G3L', 601, ' ')",37,CC(O)O[C@H]1CC(O)OC(C)(C)[C@@H]2CC(O)[C@]3(C)[C@H](CC[C@@]4(C)[C@H](C5CCOC5)OC(O)[C@H]5O[C@]543)[C@@]12C,526.7,C28H46O9,1,G3L(37ha),60,
8cct,8cct.pdb,,A,UAI,"('H_UAI', 501, ' ')",19,[H]OC1C([H])C([H])C(C(C2C([H])C([H])C(O[H])C(Cl)C2[H])(C([H])([H])[H])C([H])([H])[H])C([H])C1Cl,309.3,C15H26Cl2O2,1,UAI(19ha),48,
8cf9,8cf9.pdb,,A,UK6,"('H_UK6', 501, ' ')",22,[H]O[C@](C([H])C([H])[H])(C([H])([H])[H])C([H])([H])C([H])([H])[C@@]1([H])[C@@](O[H])(C([H])([H])[H])C([H])([H])C([H])([H])[C@@]2([H])C(C([H])([H])[H])(C([H])([H])[H])C([H])([H])C([H])([H])C([H])([H])[C@@]21C([H])([H])[H],310.5,C20H38O2,0,,48,
8ch8,8ch8.pdb,2.15,A,ULC,"('H_ULC', 501, ' ')",23,COC1CCCC(N(C)C(S)O[C@@H]2CCC3CCCCC3C2)N1,342.5,C18H34N2O2S,0,,54,
8e3n,8e3n.pdb,,A,VA0,"('H_VA0', 501, ' ')",50,[H]OC1C2C3C(O)C([H])[C@@H]([C@H]2O)N([H])[C@H](O)[C@@H](C([H])([H])[H])C([H])C([H])C([H])[C@]([H])(C([H])([H])[H])[C@]([H])(O[H])[C@@]([H])(C([H])([H])[H])[C@@]([H])(O[H])[C@@]([H])(C([H])([H])[H])[C@]([H])(OC(O)C([H])([H])[H])[C@]([H])(C([H])([H])[H])[C@@]([H])(OC([H])([H])[H])C([H])C([H])O[C@@]2(C([H])([H])[H])OC(C3C2O)C1C([H])([H])[H],720.0,C37H69NO12,0,,69,
8eqz,8eqz.pdb,,A,WQB,"('H_WQB', 501, ' ')",32,[H]OC(C1C([H])C([H])C(N(C([H])([H])C([H])([H])C([H])([H])C([H])([H])C([H])([H])C([H])([H])[H])S(O)(O)C2C([H])C([H])C([H])C([H])C2[H])C([H])C1[H])(C(F)(F)F)C(F)(F)F,497.6,C21H37F6NO3S,1,WQB(32ha),58,
8f5y,8f5y.pdb,2.15,A,JQ1,"('H_JQ1', 501, ' ')",31,CC1S[C@@H]2C(C1C)[C@@H](C1CCC(Cl)CC1)N[C@@H](C[C@@H](O)OC(C)(C)C)C1NNC(C)N12,475.1,C23H43ClN4O2S,1,JQ1(31ha),64,
8fpe,8fpe.pdb,2.3,A,Y5B,"('H_Y5B', 501, ' ')",39,OC(C1CCC(N(CC2CCC(C3CCCCC3)CC2)S(O)(O)C2CCCCC2)CC1)(C(F)(F)F)C(F)(F)F,591.7,C28H47F6NO3S,0,,58,
8r00,8r00.pdb,1.95,A,XFQ,"('H_XFQ', 501, ' ')",17,CC1CCCC(C)C[C@H]2OCC(C)C2C(O)C1,240.4,C15H28O2,0,,43,
8r81,8r81.pdb,,A,Y8B,"('H_Y8B', 502, ' ')",29,[H]OS(O[H])(C1C(C([H])([H])[H])C([H])C(C([H])([H])[H])C([H])C1C([H])([H])[H])N([H])C1C([H])C([H])C2C(NC([H])N2C([H])([H])C2C([H])C([H])C([H])C([H])C2[H])C1[H],427.7,C23H45N3O2S,0,,63,
8r82,8r82.pdb,,A,Y7Q,"('H_Y7Q', 507, ' ')",37,[H]OS(O[H])(C1C(C([H])([H])[H])C([H])C(C([H])([H])[H])C([H])C1C([H])([H])[H])N([H])[C@H]1C([H])C([H])C2C(NC(C([H])([H])C([H])([H])C([H])([H])C([H])([H])C([H])([H])C([H])([H])C([H])([H])N([H])[H])N2C([H])([H])C2C([H])C([H])C([H])C([H])C2[H])C1[H],540.9,C30H60N4O2S,1,CSO(7ha),68,
8svo,8svo.pdb,,A,WSO,"('H_WSO', 501, ' ')",34,[H]C1C([H])C(C(C([H])([H])[H])(C([H])([H])[H])C([H])([H])[H])C([H])C(N([H])C(O)C2NNN(C3C([H])C(C([H])([H])[H])C([H])C([H])C3OC([H])([H])[H])C2C([H])([H])[H])C1O[C@@]([H])(C([H])([H])[H])C([H])([H])C([H])([H])C([H])([H])[H],482.8,C27H54N4O3,1,WSO(34ha),70,
8svp,8svp.pdb,,A,WSX,"('H_WSX', 501, ' ')",36,[H]C1C([H])C(OC([H])([H])[H])C(N2NNC(C(O)N([H])C3C([H])C(C(C([H])([H])[H])(C([H])([H])[H])C([H])([H])[H])C([H])C([H])C3O[C@@]([H])(C([H])([H])C([H])([H])[H])C([H])([H])C([H])([H])C([H])([H])[H])C2C([H])([H])[H])C([H])C1OC([H])([H])[H],512.8,C28H56N4O4,3,"YGO(36ha),WSX(36ha),YGO(36ha)",72,
8svq,8svq.pdb,,A,WSX,"('H_WSX', 502, ' ')",36,[H]C1C([H])C(OC([H])([H])[H])C(N2NNC(C(O)N([H])C3C([H])C(C(C([H])([H])[H])(C([H])([H])[H])C([H])([H])[H])C([H])C([H])[C@H]3O[C@@]([H])(C([H])([H])C([H])([H])[H])C([H])([H])C([H])([H])C([H])([H])[H])C2C([H])([H])[H])C([H])C1OC([H])([H])[H],512.8,C28H56N4O4,1,WSX(36ha),70,
8svr,8svr.pdb,,B,WT1,"('H_WT1', 502, ' ')",38,[H]C1C([H])C(C(C([H])([H])[H])(C([H])([H])[H])C([H])([H])[H])C([H])C(N([H])C(O)C2NNN(C3C([H])C(OC([H])([H])[H])C(OC([H])([H])[H])C([H])C3OC([H])([H])[H])C2C([H])([H])[H])C1O[C@@]([H])(C([H])([H])C([H])([H])[H])C([H])([H])C([H])([H])C([H])([H])[H],542.8,C29H58N4O5,1,WT1(26ha),74,
8svs,8svs.pdb,,A,WU2,"('H_WU2', 502, ' ')",37,[H]C1C([H])C(C(C([H])([H])[H])(C([H])([H])[H])C([H])([H])[H])C([H])C(N([H])C(O)[C@H]2NNN(C3C([H])C(C([H])([H])[H])C(OC([H])([H])[H])C([H])C3OC([H])([H])[H])C2C([H])([H])[H])C1O[C@@]([H])(C([H])([H])C([H])([H])[H])C([H])([H])C([H])([H])C([H])([H])[H],526.8,C29H58N4O4,1,WU2(37ha),71,
8svt,8svt.pdb,,A,WU6,"('H_WU6', 501, ' ')",36,[H]C1C([H])C(OC([H])([H])[H])C(N2NNC(C(O)N([H])C3C([H])C(C(O)OC([H])([H])[H])C([H])C([H])C3O[C@@]([H])(C([H])([H])C([H])([H])[H])C([H])([H])C([H])([H])C([H])([H])[H])C2C([H])([H])[H])C([H])C1OC([H])([H])[H],516.7,C26H52N4O6,1,WU6(36ha),72,
8svx,8svx.pdb,,A,WU6,"('H_WU6', 501, ' ')",36,[H]C1C([H])C(OC([H])([H])[H])C(N2NN[C@@H](C(O)N([H])C3C([H])C(C(O)OC([H])([H])[H])C([H])C([H])C3O[C@@]([H])(C([H])([H])C([H])([H])[H])C([H])([H])C([H])([H])C([H])([H])[H])C2C([H])([H])[H])C([H])C1OC([H])([H])[H],516.7,C26H52N4O6,1,WU6(36ha),72,
8szv,8szv.pdb,2.2,A,X1D,"('H_X1D', 501, ' ')",40,OC(C1CCC(N(CC2CCC(OC3CCCCC3)CC2)S(O)(O)C2CCCCC2)CC1)(C(F)(F)F)C(F)(F)F,607.7,C28H47F6NO4S,0,,67,
9beq,9beq.pdb,2.6,A,AP1,"('H_AP1', 501, ' ')",50,CC[C@@H](C1CC(OC)C(OC)C(OC)C1)C(O)N1CCCC[C@H]1C(O)O[C@H](CCC1CCC(OC)C(OC)C1)C1CCCC(OCC(O)O)C1,718.0,C38H71NO11,0,,69,
9fzg,9fzg.cif,2.0,A,A1IHA,"('H_A1IHA', 501, ' ')",60,,,,0,,69,
9fzh,9fzh.cif,2.5,A,A1IHB,"('H_A1IHB', 501, ' ')",50,,,,0,,66,
9fzi,9fzi.pdb,,A,SRL,"('H_SRL', 501, ' ')",33,[H]OC1C(C(C([H])([H])[H])(C([H])([H])[H])C([H])([H])[H])C([H])C(C([H])C([PH](O)(OC([H])([H])C([H])([H])[H])OC([H])([H])C([H])([H])[H])[PH](O)(OC([H])([H])C([H])([H])[H])OC([H])([H])C([H])([H])[H])C([H])C1C(C([H])([H])[H])(C([H])([H])[H])C([H])([H])[H],516.6,C24H54O7P2,1,SRL(33ha),63,
9fzj,9fzj.pdb,,A,SRL,"('H_SRL', 505, ' ')",33,[H]OC1C(C(C([H])([H])[H])(C([H])([H])[H])C([H])([H])[H])C([H])[C@H](C([H])C([PH](O)(OC([H])([H])C([H])([H])[H])OC([H])([H])C([H])([H])[H])[PH](O)(OC([H])([H])C([H])([H])[H])OC([H])([H])C([H])([H])[H])C([H])[C@H]1C(C([H])([H])[H])(C([H])([H])[H])C([H])([H])[H],516.6,C24H54O7P2,0,,62,
