cluster_id,ligand_id,ligand_name,source,selected_pdb_id,selected_pose_rank,pec50,receptor_status,ligand_status,n_heavy_template,n_heavy_docked,n_atoms_final,error
21,T021,OADMET-0006596,test,7axc,1,,ok,ok,22,22,46,
21,A2747,OCNT-2309356,train_anchor,7axc,1,6.855,ok,ok,25,25,48,
28,T028,OADMET-0006589,test,5a86,1,,ok,ok,19,19,37,
28,A2779,OCNT-2309025,train_anchor,5a86,1,6.0600000000000005,ok,ok,26,26,45,
30,T030,OADMET-0006587,test,7axa,1,,ok,ok,20,20,41,
30,A2633,OCNT-2310554,train_anchor,7axa,1,6.115,ok,ok,27,27,49,
43,T043,OADMET-0006574,test,8svx,1,,ok,ok,27,27,52,
43,A2526,OCNT-2312002,train_anchor,8svx,1,5.64,ok,ok,21,21,38,
44,T044,OADMET-0006573,test,7axc,1,,ok,ok,24,24,47,
44,A2496,OCNT-2312239,train_anchor,7axc,1,5.83,ok,ok,23,23,46,
61,T061,OADMET-0006554,test,5x0r,1,,ok,ok,23,23,43,
61,A1930,OCNT-2317682,train_anchor,5x0r,1,6.325,ok,ok,26,26,48,
67,T067,OADMET-0006548,test,8svs,1,,ok,ok,20,20,35,
67,A2496,OCNT-2312239,train_anchor,8svs,1,5.83,ok,ok,23,23,46,
70,T070,OADMET-0006545,test,8r81,1,,ok,ok,21,21,41,
70,A1886,OCNT-2318184,train_anchor,8r81,1,5.880000000000001,ok,ok,31,31,58,
80,T080,OADMET-0006534,test,8r82,1,,ok,ok,21,21,40,
80,A2109,OCNT-2315472,train_anchor,8r82,1,6.6850000000000005,ok,ok,23,23,45,
81,T081,OADMET-0006533,test,7rio,1,,ok,ok,18,18,37,
81,A2436,OCNT-2312754,train_anchor,7rio,1,5.79,ok,ok,28,28,45,
96,T096,OADMET-0006517,test,7axf,1,,ok,ok,24,24,47,
96,A2122,OCNT-2315366,train_anchor,7axf,1,5.99,ok,ok,21,21,38,
110,T110,OADMET-0006503,test,7axd,1,,ok,ok,24,24,48,
110,A1960,OCNT-2317296,train_anchor,7axd,1,5.975,ok,ok,25,25,49,
118,T118,OADMET-0006495,test,7axf,1,,ok,ok,23,23,43,
118,A1054,OCNT-2310728,train_anchor,7axf,1,4.54,ok,ok,21,21,37,
129,T129,OADMET-0006484,test,7axc,1,,ok,ok,24,24,46,
129,A1938,OCNT-2317528,train_anchor,7axc,1,6.01,ok,ok,27,27,51,
136,T136,OADMET-0006476,test,8svq,1,,ok,ok,19,19,34,
136,A1935,OCNT-2317556,train_anchor,8svq,1,5.955,ok,ok,26,26,49,
138,T138,OADMET-0006474,test,8r82,1,,ok,ok,23,23,41,
138,A1282,OCNT-2309230,train_anchor,8r82,1,4.59,ok,ok,21,21,39,
139,T008,OADMET-0006609,test,9fzj,1,,ok,ok,25,25,46,
139,T107,OADMET-0006506,test,9fzj,1,,ok,ok,25,25,50,
139,T139,OADMET-0006472,test,9fzj,1,,ok,ok,29,29,58,
139,T177,OADMET-0006433,test,9fzj,1,,ok,ok,28,28,51,
139,T389,OADMET-0006213,test,9fzj,1,,ok,ok,27,27,52,
139,T393,OADMET-0006209,test,9fzj,1,,ok,ok,20,20,34,
139,A2342,OCNT-2313188,train_anchor,9fzj,1,6.205,ok,ok,28,28,57,
146,T146,OADMET-0006465,test,2qnv,1,,ok,ok,23,23,57,
146,A2593,OCNT-2311117,train_anchor,2qnv,1,6.32,ok,ok,27,27,63,
147,T147,OADMET-0006464,test,4x1g,1,,ok,ok,22,22,38,
147,A1930,OCNT-2317682,train_anchor,4x1g,1,6.325,ok,ok,26,26,48,
156,T156,OADMET-0006455,test,8eqz,1,,ok,ok,23,23,52,
156,A2496,OCNT-2312239,train_anchor,8eqz,1,5.83,ok,ok,23,23,46,
167,T167,OADMET-0006443,test,8e3n,1,,ok,ok,21,21,36,
167,A1062,OCNT-2310646,train_anchor,8e3n,1,5.69,ok,ok,24,24,38,
169,T037,OADMET-0006580,test,6xp9,1,,ok,ok,21,21,41,
169,T142,OADMET-0006469,test,6xp9,1,,ok,ok,22,22,39,
169,T169,OADMET-0006441,test,6xp9,1,,ok,ok,21,21,37,
169,A2122,OCNT-2315366,train_anchor,6xp9,1,5.99,ok,ok,21,21,38,
171,T171,OADMET-0006439,test,7axj,1,,ok,ok,24,24,46,
171,A2467,OCNT-2312559,train_anchor,7axj,1,2.67,ok,ok,25,25,46,
178,T178,OADMET-0006432,test,8svp,1,,ok,ok,20,20,38,
178,A1935,OCNT-2317556,train_anchor,8svp,1,5.955,ok,ok,26,26,49,
188,T025,OADMET-0006592,test,7rio,1,,ok,ok,23,23,42,
188,T066,OADMET-0006549,test,7rio,1,,ok,ok,28,28,47,
188,T126,OADMET-0006487,test,7rio,1,,ok,ok,27,27,50,
188,T127,OADMET-0006486,test,7rio,1,,ok,ok,23,23,37,
188,T176,OADMET-0006434,test,7rio,1,,ok,ok,26,26,49,
188,T188,OADMET-0006422,test,7rio,1,,ok,ok,18,18,30,
188,T189,OADMET-0006421,test,7rio,1,,ok,ok,23,23,43,
188,T193,OADMET-0006417,test,7rio,1,,ok,ok,23,23,43,
188,T313,OADMET-0006293,test,7rio,1,,ok,ok,23,23,37,
188,A2574,OCNT-2311393,train_anchor,7rio,1,5.925000000000001,ok,ok,24,24,45,
191,T092,OADMET-0006521,test,8svx,1,,ok,ok,21,21,35,
191,T191,OADMET-0006419,test,8svx,1,,ok,ok,22,22,35,
191,A3223,OCNT-1965882,train_anchor,8svx,1,1.78,ok,ok,19,19,36,
195,T195,OADMET-0006415,test,7axh,1,,ok,ok,21,21,30,
195,A2717,OCNT-2309628,train_anchor,7axh,1,6.045,ok,ok,21,21,36,
196,T196,OADMET-0006414,test,4ny9,1,,ok,ok,25,25,49,
196,A2791,OCNT-2308748,train_anchor,4ny9,1,6.140000000000001,ok,ok,27,27,55,
197,T197,OADMET-0006413,test,3r8d,1,,ok,ok,25,25,48,
197,A1958,OCNT-2317298,train_anchor,3r8d,1,6.845,ok,ok,27,27,50,
228,T228,OADMET-0006379,test,5a86,1,,ok,ok,22,22,41,
228,A1352,OCNT-2308873,train_anchor,5a86,1,4.78,ok,ok,22,22,43,
229,T229,OADMET-0006378,test,6dup,1,,ok,ok,19,19,40,
229,A1966,OCNT-2317222,train_anchor,6dup,1,5.85,ok,ok,22,22,45,
232,T017,OADMET-0006600,test,7axe,1,,ok,ok,19,19,36,
232,T114,OADMET-0006499,test,7axe,1,,ok,ok,19,19,36,
232,T168,OADMET-0006442,test,7axe,1,,ok,ok,20,20,39,
232,T213,OADMET-0006395,test,7axe,1,,ok,ok,21,21,37,
232,T232,OADMET-0006374,test,7axe,1,,ok,ok,21,21,39,
232,A2717,OCNT-2309628,train_anchor,7axe,1,6.045,ok,ok,21,21,36,
237,T013,OADMET-0006604,test,5a86,1,,ok,ok,26,26,47,
237,T237,OADMET-0006369,test,5a86,1,,ok,ok,22,22,41,
237,A2747,OCNT-2309356,train_anchor,5a86,1,6.855,ok,ok,25,25,48,
238,T000,OADMET-0006617,test,6bns,1,,ok,ok,23,23,33,
238,T166,OADMET-0006445,test,6bns,1,,ok,ok,25,25,38,
238,T180,OADMET-0006430,test,6bns,1,,ok,ok,20,20,27,
238,T238,OADMET-0006368,test,6bns,1,,ok,ok,24,24,40,
238,T312,OADMET-0006294,test,6bns,1,,ok,ok,24,24,36,
238,T321,OADMET-0006285,test,6bns,1,,ok,ok,23,23,33,
238,T459,OADMET-0006140,test,6bns,1,,ok,ok,22,22,31,
238,T482,OADMET-0006117,test,6bns,1,,ok,ok,26,26,41,
238,T510,OADMET-0004676,test,6bns,1,,ok,ok,21,21,33,
238,A2177,OCNT-2314792,train_anchor,6bns,1,4.71,ok,ok,21,21,33,
238,A2704,OCNT-2309868,train_anchor,6bns,1,4.78,ok,ok,21,21,30,
255,T255,OADMET-0006351,test,7axd,1,,ok,ok,24,24,48,
255,A2109,OCNT-2315472,train_anchor,7axd,1,6.6850000000000005,ok,ok,23,23,45,
256,T039,OADMET-0006578,test,7n2a,1,,ok,ok,19,19,36,
256,T052,OADMET-0006564,test,7n2a,1,,ok,ok,22,22,39,
256,T060,OADMET-0006555,test,7n2a,1,,ok,ok,19,19,36,
256,T119,OADMET-0006494,test,7n2a,1,,ok,ok,22,22,44,
256,T256,OADMET-0006350,test,7n2a,1,,ok,ok,25,25,46,
256,T295,OADMET-0006311,test,7n2a,1,,ok,ok,21,21,40,
256,T305,OADMET-0006301,test,7n2a,1,,ok,ok,21,21,41,
256,T442,OADMET-0006160,test,7n2a,1,,ok,ok,26,26,52,
256,A1966,OCNT-2317222,train_anchor,7n2a,1,5.85,ok,ok,22,22,45,
258,T258,OADMET-0006348,test,8svo,1,,ok,ok,24,24,44,
258,A1848,OCNT-2318616,train_anchor,8svo,1,6.63,ok,ok,29,29,49,
259,T045,OADMET-0006572,test,8r82,1,,ok,ok,25,25,44,
259,T065,OADMET-0006550,test,8r82,1,,ok,ok,26,26,48,
259,T085,OADMET-0006529,test,8r82,1,,ok,ok,23,23,44,
259,T154,OADMET-0006457,test,8r82,1,,ok,ok,23,23,46,
259,T155,OADMET-0006456,test,8r82,1,,ok,ok,26,26,48,
259,T172,OADMET-0006438,test,8r82,1,,ok,ok,25,25,48,
259,T192,OADMET-0006418,test,8r82,1,,ok,ok,19,19,36,
259,T226,OADMET-0006381,test,8r82,1,,ok,ok,23,23,40,
259,T259,OADMET-0006347,test,8r82,1,,ok,ok,23,23,44,
259,T267,OADMET-0006339,test,8r82,1,,ok,ok,24,24,43,
259,T425,OADMET-0006177,test,8r82,1,,ok,ok,20,20,36,
259,T429,OADMET-0006173,test,8r82,1,,ok,ok,24,24,43,
259,T475,OADMET-0006124,test,8r82,1,,ok,ok,28,28,53,
259,A2808,OCNT-2308531,train_anchor,8r82,1,6.195,ok,ok,25,25,49,
259,A1034,OCNT-2310934,train_anchor,8r82,1,4.83,ok,ok,26,26,46,
259,A2747,OCNT-2309356,train_anchor,8r82,1,6.855,ok,ok,25,25,48,
265,T265,OADMET-0006341,test,3hvl,1,,ok,ok,25,25,54,
265,A2342,OCNT-2313188,train_anchor,3hvl,1,6.205,ok,ok,28,28,57,
269,T260,OADMET-0006346,test,7axa,1,,ok,ok,22,22,37,
269,T269,OADMET-0006337,test,7axa,1,,ok,ok,21,21,37,
269,A2097,OCNT-2315653,train_anchor,7axa,1,5.99,ok,ok,26,26,52,
273,T101,OADMET-0006512,test,8szv,1,,ok,ok,23,23,39,
273,T133,OADMET-0006479,test,8szv,1,,ok,ok,24,24,44,
273,T268,OADMET-0006338,test,8szv,1,,ok,ok,23,23,39,
273,T273,OADMET-0006333,test,8szv,1,,ok,ok,25,25,42,
273,T291,OADMET-0006315,test,8szv,1,,ok,ok,24,24,43,
273,A2108,OCNT-2315483,train_anchor,8szv,1,6.105,ok,ok,25,25,41,
277,T055,OADMET-0006560,test,6bns,1,,ok,ok,22,22,41,
277,T094,OADMET-0006519,test,6bns,1,,ok,ok,21,21,34,
277,T104,OADMET-0006509,test,6bns,1,,ok,ok,21,21,38,
277,T277,OADMET-0006329,test,6bns,1,,ok,ok,22,22,38,
277,T284,OADMET-0006322,test,6bns,1,,ok,ok,20,20,37,
277,T290,OADMET-0006316,test,6bns,1,,ok,ok,20,20,36,
277,T388,OADMET-0006214,test,6bns,1,,ok,ok,22,22,37,
277,T472,OADMET-0006127,test,6bns,1,,ok,ok,22,22,39,
277,T473,OADMET-0006126,test,6bns,1,,ok,ok,24,24,47,
277,A1905,OCNT-2318048,train_anchor,6bns,1,6.494999999999999,ok,ok,24,24,48,
277,A1892,OCNT-2318155,train_anchor,6bns,1,5.33,ok,ok,23,23,35,
289,T161,OADMET-0006450,test,8r81,1,,ok,ok,21,21,47,
289,T165,OADMET-0006446,test,8r81,1,,ok,ok,20,20,46,
289,T203,OADMET-0006407,test,8r81,1,,ok,ok,22,22,42,
289,T223,OADMET-0006384,test,8r81,1,,ok,ok,23,23,45,
289,T227,OADMET-0006380,test,8r81,1,,ok,ok,23,23,43,
289,T274,OADMET-0006332,test,8r81,1,,ok,ok,23,23,45,
289,T289,OADMET-0006317,test,8r81,1,,ok,ok,25,25,49,
289,T391,OADMET-0006211,test,8r81,1,,ok,ok,22,22,42,
289,T440,OADMET-0006162,test,8r81,1,,ok,ok,24,24,47,
289,T463,OADMET-0006136,test,8r81,1,,ok,ok,21,21,40,
289,A1957,OCNT-2317314,train_anchor,8r81,1,5.89,ok,ok,26,26,54,
297,T297,OADMET-0006309,test,6hj2,1,,ok,ok,20,20,36,
297,A2547,OCNT-2311752,train_anchor,6hj2,1,5.775,ok,ok,25,25,41,
309,T224,OADMET-0006383,test,8r81,1,,ok,ok,23,23,44,
309,T281,OADMET-0006325,test,8r81,1,,ok,ok,23,23,45,
309,T309,OADMET-0006297,test,8r81,1,,ok,ok,23,23,43,
309,A2097,OCNT-2315653,train_anchor,8r81,1,5.99,ok,ok,26,26,52,
310,T036,OADMET-0006581,test,8r82,1,,ok,ok,28,28,50,
310,T083,OADMET-0006531,test,8r82,1,,ok,ok,29,29,55,
310,T201,OADMET-0006409,test,8r82,1,,ok,ok,27,27,56,
310,T221,OADMET-0006386,test,8r82,1,,ok,ok,29,29,59,
310,T302,OADMET-0006304,test,8r82,1,,ok,ok,25,25,54,
310,T310,OADMET-0006296,test,8r82,1,,ok,ok,28,28,52,
310,T370,OADMET-0006234,test,8r82,1,,ok,ok,27,27,53,
310,T441,OADMET-0006161,test,8r82,1,,ok,ok,28,28,54,
310,T480,OADMET-0006119,test,8r82,1,,ok,ok,20,20,42,
310,A2791,OCNT-2308748,train_anchor,8r82,1,6.140000000000001,ok,ok,27,27,55,
311,T042,OADMET-0006575,test,5a86,1,,ok,ok,30,30,56,
311,T097,OADMET-0006516,test,5a86,1,,ok,ok,29,29,52,
311,T187,OADMET-0006423,test,5a86,1,,ok,ok,26,26,44,
311,T211,OADMET-0006397,test,5a86,1,,ok,ok,29,29,52,
311,T292,OADMET-0006314,test,5a86,1,,ok,ok,28,28,50,
311,T311,OADMET-0006295,test,5a86,1,,ok,ok,19,19,36,
311,T424,OADMET-0006178,test,5a86,1,,ok,ok,25,25,45,
311,T490,OADMET-0006109,test,5a86,1,,ok,ok,23,23,40,
311,T492,OADMET-0006107,test,5a86,1,,ok,ok,24,24,41,
311,A2140,OCNT-2315209,train_anchor,5a86,1,5.77,ok,ok,27,27,50,
317,T046,OADMET-0006571,test,7axc,1,,ok,ok,24,24,44,
317,T087,OADMET-0006526,test,7axc,1,,ok,ok,23,23,41,
317,T253,OADMET-0006353,test,7axc,1,,ok,ok,23,23,39,
317,T317,OADMET-0006289,test,7axc,1,,ok,ok,24,24,44,
317,A2412,OCNT-2312865,train_anchor,7axc,1,5.915,ok,ok,26,26,46,
323,T323,OADMET-0006283,test,7ax9,1,,ok,ok,25,25,55,
323,A1921,OCNT-2317888,train_anchor,7ax9,1,5.66,ok,ok,26,26,52,
331,T068,OADMET-0006547,test,8svo,1,,ok,ok,22,22,39,
331,T088,OADMET-0006525,test,8svo,1,,ok,ok,21,21,36,
331,T207,OADMET-0006401,test,8svo,1,,ok,ok,24,24,44,
331,T222,OADMET-0006385,test,8svo,1,,ok,ok,21,21,38,
331,T288,OADMET-0006318,test,8svo,1,,ok,ok,24,24,45,
331,T300,OADMET-0006306,test,8svo,1,,ok,ok,24,24,38,
331,T314,OADMET-0006292,test,8svo,1,,ok,ok,23,23,41,
331,T318,OADMET-0006288,test,8svo,1,,ok,ok,22,22,38,
331,T331,OADMET-0006275,test,8svo,1,,ok,ok,21,21,38,
331,T394,OADMET-0006208,test,8svo,1,,ok,ok,25,25,46,
331,A0903,OCNT-2312122,train_anchor,8svo,1,4.4,ok,ok,23,23,41,
331,A0081,OCNT-2318111,train_anchor,8svo,1,4.81,ok,ok,21,21,37,
331,A2771,OCNT-2309093,train_anchor,8svo,1,5.15,ok,ok,22,22,38,
349,T349,OADMET-0006256,test,7axc,1,,ok,ok,20,20,42,
349,A2771,OCNT-2309093,train_anchor,7axc,1,5.15,ok,ok,22,22,38,
350,T350,OADMET-0006255,test,7axf,1,,ok,ok,24,24,42,
350,A2563,OCNT-2311573,train_anchor,7axf,1,6.125,ok,ok,22,22,39,
352,T352,OADMET-0006252,test,5x0r,1,,ok,ok,26,26,52,
352,A2779,OCNT-2309025,train_anchor,5x0r,1,6.0600000000000005,ok,ok,26,26,45,
359,T359,OADMET-0006245,test,4ny9,1,,ok,ok,30,30,55,
359,A1886,OCNT-2318184,train_anchor,4ny9,1,5.880000000000001,ok,ok,31,31,58,
362,T249,OADMET-0006357,test,8r82,1,,ok,ok,27,27,50,
362,T285,OADMET-0006321,test,8r82,1,,ok,ok,20,20,38,
362,T362,OADMET-0006242,test,8r82,1,,ok,ok,21,21,41,
362,A1936,OCNT-2317538,train_anchor,8r82,1,5.859999999999999,ok,ok,25,25,50,
363,T086,OADMET-0006528,test,3hvl,1,,ok,ok,24,24,43,
363,T184,OADMET-0006426,test,3hvl,1,,ok,ok,30,30,57,
363,T252,OADMET-0006354,test,3hvl,1,,ok,ok,24,24,40,
363,T363,OADMET-0006241,test,3hvl,1,,ok,ok,28,28,55,
363,A1898,OCNT-2318074,train_anchor,3hvl,1,5.89,ok,ok,28,28,55,
372,T005,OADMET-0006612,test,8r82,1,,ok,ok,21,21,34,
372,T093,OADMET-0006520,test,8r82,1,,ok,ok,20,20,39,
372,T372,OADMET-0006232,test,8r82,1,,ok,ok,22,22,37,
372,A2026,OCNT-2316441,train_anchor,8r82,1,6.26,ok,ok,26,26,46,
373,T116,OADMET-0006497,test,8svp,1,,ok,ok,27,27,59,
373,T120,OADMET-0006493,test,8svp,1,,ok,ok,26,26,60,
373,T122,OADMET-0006491,test,8svp,1,,ok,ok,27,27,63,
373,T124,OADMET-0006489,test,8svp,1,,ok,ok,25,25,57,
373,T128,OADMET-0006485,test,8svp,1,,ok,ok,25,25,57,
373,T132,OADMET-0006481,test,8svp,1,,ok,ok,24,24,56,
373,T182,OADMET-0006428,test,8svp,1,,ok,ok,24,24,53,
373,T369,OADMET-0006235,test,8svp,1,,ok,ok,26,26,60,
373,T373,OADMET-0006231,test,8svp,1,,ok,ok,24,24,53,
373,A2593,OCNT-2311117,train_anchor,8svp,1,6.32,ok,ok,27,27,63,
374,T374,OADMET-0006230,test,5a86,1,,ok,ok,21,21,41,
374,A1966,OCNT-2317222,train_anchor,5a86,1,5.85,ok,ok,22,22,45,
378,T378,OADMET-0006226,test,6tfi,1,,ok,ok,22,22,35,
378,A2722,OCNT-2309591,train_anchor,6tfi,1,6.11,ok,ok,25,25,47,
382,T382,OADMET-0006220,test,1skx,1,,ok,ok,22,22,41,
382,A1935,OCNT-2317556,train_anchor,1skx,1,5.955,ok,ok,26,26,49,
383,T032,OADMET-0006585,test,1nrl,1,,ok,ok,26,26,40,
383,T090,OADMET-0006523,test,1nrl,1,,ok,ok,23,23,39,
383,T102,OADMET-0006511,test,1nrl,1,,ok,ok,23,23,41,
383,T106,OADMET-0006507,test,1nrl,1,,ok,ok,24,24,41,
383,T143,OADMET-0006468,test,1nrl,1,,ok,ok,26,26,50,
383,T246,OADMET-0006360,test,1nrl,1,,ok,ok,23,23,42,
383,T383,OADMET-0006219,test,1nrl,1,,ok,ok,19,19,36,
383,A1934,OCNT-2317632,train_anchor,1nrl,1,6.0,ok,ok,21,21,37,
383,A0063,OCNT-2318237,train_anchor,1nrl,1,4.64,ok,ok,23,23,44,
384,T151,OADMET-0006460,test,1skx,1,,ok,ok,23,23,43,
384,T159,OADMET-0006452,test,1skx,1,,ok,ok,20,20,40,
384,T179,OADMET-0006431,test,1skx,1,,ok,ok,25,25,50,
384,T212,OADMET-0006396,test,1skx,1,,ok,ok,21,21,43,
384,T231,OADMET-0006375,test,1skx,1,,ok,ok,22,22,45,
384,T282,OADMET-0006324,test,1skx,1,,ok,ok,19,19,37,
384,T307,OADMET-0006299,test,1skx,1,,ok,ok,20,20,37,
384,T334,OADMET-0006272,test,1skx,1,,ok,ok,21,21,40,
384,T384,OADMET-0006218,test,1skx,1,,ok,ok,20,20,40,
384,T497,OADMET-0006102,test,1skx,1,,ok,ok,21,21,40,
384,A2054,OCNT-2316194,train_anchor,1skx,1,5.945,ok,ok,24,24,52,
385,T108,OADMET-0006505,test,1skx,1,,ok,ok,24,24,41,
385,T134,OADMET-0006478,test,1skx,1,,ok,ok,24,24,42,
385,T173,OADMET-0006437,test,1skx,1,,ok,ok,26,26,42,
385,T174,OADMET-0006436,test,1skx,1,,ok,ok,23,23,37,
385,T218,OADMET-0006390,test,1skx,1,,ok,ok,23,23,39,
385,T254,OADMET-0006352,test,1skx,1,,ok,ok,25,25,43,
385,T299,OADMET-0006307,test,1skx,1,,ok,ok,23,23,39,
385,T385,OADMET-0006217,test,1skx,1,,ok,ok,21,21,39,
385,T409,OADMET-0006193,test,1skx,1,,ok,ok,25,25,44,
385,T427,OADMET-0006175,test,1skx,1,,ok,ok,26,26,51,
385,A2749,OCNT-2309319,train_anchor,1skx,1,5.915,ok,ok,22,22,40,
385,A3161,OCNT-1965945,train_anchor,1skx,1,3.85,ok,ok,17,17,27,
386,T386,OADMET-0006216,test,2qnv,1,,ok,ok,24,24,44,
386,A3223,OCNT-1965882,train_anchor,2qnv,1,1.78,ok,ok,19,19,36,
387,T074,OADMET-0006541,test,5x0r,1,,ok,ok,19,19,36,
387,T264,OADMET-0006342,test,5x0r,1,,ok,ok,23,23,45,
387,T306,OADMET-0006300,test,5x0r,1,,ok,ok,27,27,47,
387,T330,OADMET-0006276,test,5x0r,1,,ok,ok,22,22,41,
387,T387,OADMET-0006215,test,5x0r,1,,ok,ok,22,22,38,
387,A1930,OCNT-2317682,train_anchor,5x0r,1,6.325,ok,ok,26,26,48,
395,T395,OADMET-0006207,test,8svs,1,,ok,ok,26,26,46,
395,A2140,OCNT-2315209,train_anchor,8svs,1,5.77,ok,ok,27,27,50,
397,T034,OADMET-0006583,test,6hj2,1,,ok,ok,27,27,55,
397,T144,OADMET-0006467,test,6hj2,1,,ok,ok,27,27,52,
397,T250,OADMET-0006356,test,6hj2,1,,ok,ok,23,23,45,
397,T368,OADMET-0006236,test,6hj2,1,,ok,ok,25,25,50,
397,T397,OADMET-0006205,test,6hj2,1,,ok,ok,30,30,61,
397,T428,OADMET-0006174,test,6hj2,1,,ok,ok,24,24,46,
397,A1898,OCNT-2318074,train_anchor,6hj2,1,5.89,ok,ok,28,28,55,
401,T018,OADMET-0006599,test,6tfi,1,,ok,ok,18,18,30,
401,T076,OADMET-0006539,test,6tfi,1,,ok,ok,27,27,50,
401,T243,OADMET-0006363,test,6tfi,1,,ok,ok,18,18,31,
401,T262,OADMET-0006344,test,6tfi,1,,ok,ok,21,21,34,
401,T319,OADMET-0006287,test,6tfi,1,,ok,ok,26,26,47,
401,T344,OADMET-0006262,test,6tfi,1,,ok,ok,27,27,46,
401,T371,OADMET-0006233,test,6tfi,1,,ok,ok,18,18,34,
401,T401,OADMET-0006201,test,6tfi,1,,ok,ok,24,24,43,
401,A1886,OCNT-2318184,train_anchor,6tfi,1,5.880000000000001,ok,ok,31,31,58,
401,A2109,OCNT-2315472,train_anchor,6tfi,1,6.6850000000000005,ok,ok,23,23,45,
402,T158,OADMET-0006453,test,7axf,1,,ok,ok,22,22,36,
402,T162,OADMET-0006449,test,7axf,1,,ok,ok,22,22,36,
402,T186,OADMET-0006424,test,7axf,1,,ok,ok,23,23,37,
402,T190,OADMET-0006420,test,7axf,1,,ok,ok,22,22,41,
402,T194,OADMET-0006416,test,7axf,1,,ok,ok,21,21,38,
402,T198,OADMET-0006412,test,7axf,1,,ok,ok,23,23,37,
402,T202,OADMET-0006408,test,7axf,1,,ok,ok,21,21,35,
402,T298,OADMET-0006308,test,7axf,1,,ok,ok,24,24,42,
402,T398,OADMET-0006204,test,7axf,1,,ok,ok,23,23,41,
402,T402,OADMET-0006200,test,7axf,1,,ok,ok,22,22,35,
402,A2809,OCNT-2308475,train_anchor,7axf,1,6.050000000000001,ok,ok,21,21,35,
403,T403,OADMET-0006199,test,7n2a,1,,ok,ok,28,28,49,
403,A2013,OCNT-2316557,train_anchor,7n2a,1,6.255,ok,ok,26,26,42,
408,T023,OADMET-0006594,test,8svq,1,,ok,ok,24,24,39,
408,T027,OADMET-0006590,test,8svq,1,,ok,ok,24,24,42,
408,T152,OADMET-0006459,test,8svq,1,,ok,ok,24,24,39,
408,T248,OADMET-0006358,test,8svq,1,,ok,ok,23,23,39,
408,T408,OADMET-0006194,test,8svq,1,,ok,ok,25,25,39,
408,A2077,OCNT-2315950,train_anchor,8svq,1,5.865,ok,ok,25,25,41,
413,T077,OADMET-0006537,test,8r81,1,,ok,ok,19,19,31,
413,T079,OADMET-0006535,test,8r81,1,,ok,ok,27,27,45,
413,T117,OADMET-0006496,test,8r81,1,,ok,ok,23,23,38,
413,T125,OADMET-0006488,test,8r81,1,,ok,ok,25,25,45,
413,T204,OADMET-0006406,test,8r81,1,,ok,ok,27,27,49,
413,T220,OADMET-0006388,test,8r81,1,,ok,ok,23,23,40,
413,T236,OADMET-0006370,test,8r81,1,,ok,ok,24,24,43,
413,T404,OADMET-0006198,test,8r81,1,,ok,ok,26,26,44,
413,T407,OADMET-0006195,test,8r81,1,,ok,ok,27,27,50,
413,T413,OADMET-0006189,test,8r81,1,,ok,ok,24,24,42,
413,A2586,OCNT-2311249,train_anchor,8r81,1,6.27,ok,ok,31,31,58,
414,T062,OADMET-0006553,test,6xp9,1,,ok,ok,26,26,42,
414,T103,OADMET-0006510,test,6xp9,1,,ok,ok,23,23,42,
414,T279,OADMET-0006327,test,6xp9,1,,ok,ok,25,25,48,
414,T283,OADMET-0006323,test,6xp9,1,,ok,ok,27,27,45,
414,T287,OADMET-0006319,test,6xp9,1,,ok,ok,27,27,46,
414,T365,OADMET-0006239,test,6xp9,1,,ok,ok,30,30,54,
414,T414,OADMET-0006188,test,6xp9,1,,ok,ok,23,23,47,
414,A2667,OCNT-2310167,train_anchor,6xp9,1,6.07,ok,ok,29,29,51,
416,T416,OADMET-0006186,test,7axh,1,,ok,ok,21,21,37,
416,A1934,OCNT-2317632,train_anchor,7axh,1,6.0,ok,ok,21,21,37,
417,T333,OADMET-0006273,test,8svo,1,,ok,ok,27,27,57,
417,T417,OADMET-0006185,test,8svo,1,,ok,ok,29,29,58,
417,A2101,OCNT-2315609,train_anchor,8svo,1,6.18,ok,ok,29,29,62,
421,T261,OADMET-0006345,test,5x0r,1,,ok,ok,19,19,34,
421,T421,OADMET-0006181,test,5x0r,1,,ok,ok,23,23,45,
421,A2029,OCNT-2316432,train_anchor,5x0r,1,6.09,ok,ok,27,27,46,
422,T047,OADMET-0006570,test,1skx,1,,ok,ok,24,24,50,
422,T054,OADMET-0006561,test,1skx,1,,ok,ok,27,27,57,
422,T058,OADMET-0006557,test,1skx,1,,ok,ok,30,30,55,
422,T078,OADMET-0006536,test,1skx,1,,ok,ok,24,24,48,
422,T181,OADMET-0006429,test,1skx,1,,ok,ok,27,27,48,
422,T326,OADMET-0006280,test,1skx,1,,ok,ok,30,30,56,
422,T422,OADMET-0006180,test,1skx,1,,ok,ok,28,28,54,
422,T467,OADMET-0006132,test,1skx,1,,ok,ok,26,26,48,
422,A2101,OCNT-2315609,train_anchor,1skx,1,6.18,ok,ok,29,29,62,
422,A2267,OCNT-2313609,train_anchor,1skx,1,5.9,ok,ok,25,25,45,
423,T219,OADMET-0006389,test,7axf,1,,ok,ok,21,21,36,
423,T239,OADMET-0006367,test,7axf,1,,ok,ok,24,24,47,
423,T423,OADMET-0006179,test,7axf,1,,ok,ok,21,21,41,
423,A2108,OCNT-2315483,train_anchor,7axf,1,6.105,ok,ok,25,25,41,
430,T430,OADMET-0006172,test,7axc,1,,ok,ok,23,23,47,
430,A1930,OCNT-2317682,train_anchor,7axc,1,6.325,ok,ok,26,26,48,
434,T434,OADMET-0006168,test,5a86,1,,ok,ok,24,24,44,
434,A1935,OCNT-2317556,train_anchor,5a86,1,5.955,ok,ok,26,26,49,
435,T010,OADMET-0006607,test,1skx,1,,ok,ok,22,22,44,
435,T015,OADMET-0006602,test,1skx,1,,ok,ok,23,23,45,
435,T137,OADMET-0006475,test,1skx,1,,ok,ok,23,23,45,
435,T241,OADMET-0006365,test,1skx,1,,ok,ok,23,23,47,
435,T245,OADMET-0006361,test,1skx,1,,ok,ok,24,24,45,
435,T324,OADMET-0006282,test,1skx,1,,ok,ok,21,21,41,
435,T347,OADMET-0006258,test,1skx,1,,ok,ok,23,23,45,
435,T351,OADMET-0006254,test,1skx,1,,ok,ok,23,23,44,
435,T361,OADMET-0006243,test,1skx,1,,ok,ok,24,24,48,
435,T435,OADMET-0006167,test,1skx,1,,ok,ok,23,23,45,
435,A2544,OCNT-2311806,train_anchor,1skx,1,5.949999999999999,ok,ok,23,23,45,
436,T053,OADMET-0006562,test,8svr,1,,ok,ok,21,21,35,
436,T057,OADMET-0006558,test,8svr,1,,ok,ok,22,22,41,
436,T257,OADMET-0006349,test,8svr,1,,ok,ok,22,22,41,
436,T296,OADMET-0006310,test,8svr,1,,ok,ok,22,22,41,
436,T431,OADMET-0006171,test,8svr,1,,ok,ok,23,23,42,
436,T436,OADMET-0006166,test,8svr,1,,ok,ok,23,23,38,
436,A2412,OCNT-2312865,train_anchor,8svr,1,5.915,ok,ok,26,26,46,
437,T437,OADMET-0006165,test,8r81,1,,ok,ok,23,23,43,
437,A1936,OCNT-2317538,train_anchor,8r81,1,5.859999999999999,ok,ok,25,25,50,
439,T040,OADMET-0006577,test,5a86,1,,ok,ok,24,24,45,
439,T064,OADMET-0006551,test,5a86,1,,ok,ok,25,25,48,
439,T294,OADMET-0006312,test,5a86,1,,ok,ok,28,28,49,
439,T328,OADMET-0006278,test,5a86,1,,ok,ok,25,25,47,
439,T356,OADMET-0006248,test,5a86,1,,ok,ok,26,26,44,
439,T375,OADMET-0006229,test,5a86,1,,ok,ok,18,18,33,
439,T405,OADMET-0006197,test,5a86,1,,ok,ok,19,19,34,
439,T415,OADMET-0006187,test,5a86,1,,ok,ok,24,24,44,
439,T433,OADMET-0006169,test,5a86,1,,ok,ok,25,25,48,
439,T439,OADMET-0006163,test,5a86,1,,ok,ok,25,25,47,
439,A2058,OCNT-2316154,train_anchor,5a86,1,5.865,ok,ok,25,25,47,
443,T035,OADMET-0006582,test,1skx,1,,ok,ok,23,23,42,
443,T278,OADMET-0006328,test,1skx,1,,ok,ok,24,24,45,
443,T301,OADMET-0006305,test,1skx,1,,ok,ok,23,23,42,
443,T308,OADMET-0006298,test,1skx,1,,ok,ok,24,24,42,
443,T345,OADMET-0006260,test,1skx,1,,ok,ok,21,21,35,
443,T355,OADMET-0006249,test,1skx,1,,ok,ok,25,25,45,
443,T443,OADMET-0006158,test,1skx,1,,ok,ok,23,23,42,
443,A2633,OCNT-2310554,train_anchor,1skx,1,6.115,ok,ok,27,27,49,
444,T012,OADMET-0006605,test,1skx,1,,ok,ok,23,23,47,
444,T418,OADMET-0006184,test,1skx,1,,ok,ok,22,22,45,
444,T444,OADMET-0006157,test,1skx,1,,ok,ok,23,23,48,
444,A2003,OCNT-2316690,train_anchor,1skx,1,6.27,ok,ok,24,24,52,
448,T019,OADMET-0006598,test,4x1f,1,,ok,ok,29,29,47,
448,T111,OADMET-0006502,test,4x1f,1,,ok,ok,31,31,53,
448,T130,OADMET-0006483,test,4x1f,1,,ok,ok,29,29,47,
448,T217,OADMET-0006391,test,4x1f,1,,ok,ok,30,30,47,
448,T230,OADMET-0006377,test,4x1f,1,,ok,ok,31,31,51,
448,T339,OADMET-0006267,test,4x1f,1,,ok,ok,30,30,49,
448,T357,OADMET-0006247,test,4x1f,1,,ok,ok,32,32,53,
448,T448,OADMET-0006152,test,4x1f,1,,ok,ok,29,29,47,
448,A1870,OCNT-2318346,train_anchor,4x1f,1,6.140000000000001,ok,ok,30,30,50,
450,T056,OADMET-0006559,test,1skx,1,,ok,ok,20,20,29,
450,T082,OADMET-0006532,test,1skx,1,,ok,ok,20,20,33,
450,T170,OADMET-0006440,test,1skx,1,,ok,ok,20,20,27,
450,T450,OADMET-0006150,test,1skx,1,,ok,ok,19,19,29,
450,A2717,OCNT-2309628,train_anchor,1skx,1,6.045,ok,ok,21,21,36,
454,T007,OADMET-0006610,test,4xhd,1,,ok,ok,19,19,33,
454,T109,OADMET-0006504,test,4xhd,1,,ok,ok,19,19,33,
454,T148,OADMET-0006463,test,4xhd,1,,ok,ok,19,19,34,
454,T348,OADMET-0006257,test,4xhd,1,,ok,ok,21,21,36,
454,T432,OADMET-0006170,test,4xhd,1,,ok,ok,19,19,36,
454,T454,OADMET-0006146,test,4xhd,1,,ok,ok,27,27,51,
454,T464,OADMET-0006135,test,4xhd,1,,ok,ok,21,21,40,
454,A1900,OCNT-2318059,train_anchor,4xhd,1,6.015000000000001,ok,ok,24,24,47,
455,T003,OADMET-0006614,test,4ny9,1,,ok,ok,25,25,44,
455,T041,OADMET-0006576,test,4ny9,1,,ok,ok,24,24,40,
455,T072,OADMET-0006543,test,4ny9,1,,ok,ok,24,24,42,
455,T105,OADMET-0006508,test,4ny9,1,,ok,ok,27,27,43,
455,T185,OADMET-0006425,test,4ny9,1,,ok,ok,28,28,49,
455,T242,OADMET-0006364,test,4ny9,1,,ok,ok,25,25,41,
455,T247,OADMET-0006359,test,4ny9,1,,ok,ok,25,25,43,
455,T455,OADMET-0006145,test,4ny9,1,,ok,ok,25,25,44,
455,A2029,OCNT-2316432,train_anchor,4ny9,1,6.09,ok,ok,27,27,46,
455,A0997,OCNT-2311292,train_anchor,4ny9,1,4.73,ok,ok,23,23,40,
456,T089,OADMET-0006524,test,8r81,1,,ok,ok,25,25,44,
456,T164,OADMET-0006447,test,8r81,1,,ok,ok,28,28,47,
456,T199,OADMET-0006411,test,8r81,1,,ok,ok,24,24,38,
456,T210,OADMET-0006398,test,8r81,1,,ok,ok,26,26,49,
456,T251,OADMET-0006355,test,8r81,1,,ok,ok,27,27,47,
456,T390,OADMET-0006212,test,8r81,1,,ok,ok,27,27,47,
456,T456,OADMET-0006144,test,8r81,1,,ok,ok,23,23,40,
456,A2013,OCNT-2316557,train_anchor,8r81,1,6.255,ok,ok,26,26,42,
456,A1986,OCNT-2316920,train_anchor,8r81,1,3.35,ok,ok,23,23,41,
457,T457,OADMET-0006142,test,6xp9,1,,ok,ok,25,25,52,
457,A2003,OCNT-2316690,train_anchor,6xp9,1,6.27,ok,ok,24,24,52,
458,T458,OADMET-0006141,test,7axf,1,,ok,ok,23,23,38,
458,A1850,OCNT-2318568,train_anchor,7axf,1,5.92,ok,ok,26,26,38,
461,T009,OADMET-0006608,test,8svq,1,,ok,ok,24,24,47,
461,T461,OADMET-0006138,test,8svq,1,,ok,ok,26,26,50,
461,A0399,OCNT-2315710,train_anchor,8svq,1,4.7,ok,ok,22,22,42,
461,A0305,OCNT-2316356,train_anchor,8svq,1,4.84,ok,ok,27,27,53,
465,T465,OADMET-0006134,test,7rio,1,,ok,ok,23,23,44,
465,A2535,OCNT-2311864,train_anchor,7rio,1,6.345000000000001,ok,ok,25,25,43,
468,T215,OADMET-0006393,test,1skx,1,,ok,ok,25,25,46,
468,T451,OADMET-0006149,test,1skx,1,,ok,ok,25,25,44,
468,T468,OADMET-0006131,test,1skx,1,,ok,ok,24,24,40,
468,A2122,OCNT-2315366,train_anchor,1skx,1,5.99,ok,ok,21,21,38,
469,T469,OADMET-0006130,test,4xhd,1,,ok,ok,26,26,48,
469,A1930,OCNT-2317682,train_anchor,4xhd,1,6.325,ok,ok,26,26,48,
471,T131,OADMET-0006482,test,8r81,1,,ok,ok,27,27,49,
471,T452,OADMET-0006148,test,8r81,1,,ok,ok,26,26,46,
471,T471,OADMET-0006128,test,8r81,1,,ok,ok,21,21,38,
471,A1900,OCNT-2318059,train_anchor,8r81,1,6.015000000000001,ok,ok,24,24,47,
474,T011,OADMET-0006606,test,2qnv,1,,ok,ok,23,23,40,
474,T069,OADMET-0006546,test,2qnv,1,,ok,ok,25,25,40,
474,T073,OADMET-0006542,test,2qnv,1,,ok,ok,24,24,40,
474,T075,OADMET-0006540,test,2qnv,1,,ok,ok,24,24,40,
474,T149,OADMET-0006462,test,2qnv,1,,ok,ok,24,24,40,
474,T240,OADMET-0006366,test,2qnv,1,,ok,ok,24,24,40,
474,T303,OADMET-0006303,test,2qnv,1,,ok,ok,25,25,40,
474,T400,OADMET-0006202,test,2qnv,1,,ok,ok,25,25,43,
474,T470,OADMET-0006129,test,2qnv,1,,ok,ok,23,23,40,
474,T474,OADMET-0006125,test,2qnv,1,,ok,ok,22,22,37,
474,A2587,OCNT-2311187,train_anchor,2qnv,1,5.904999999999999,ok,ok,24,24,43,
476,T050,OADMET-0006566,test,4ny9,1,,ok,ok,21,21,39,
476,T380,OADMET-0006224,test,4ny9,1,,ok,ok,21,21,39,
476,T476,OADMET-0006123,test,4ny9,1,,ok,ok,21,21,39,
476,A2467,OCNT-2312559,train_anchor,4ny9,1,2.67,ok,ok,25,25,46,
477,T001,OADMET-0006616,test,8cct,1,,ok,ok,19,19,30,
477,T016,OADMET-0006601,test,8cct,1,,ok,ok,21,21,37,
477,T337,OADMET-0006269,test,8cct,1,,ok,ok,21,21,35,
477,T354,OADMET-0006250,test,8cct,1,,ok,ok,23,23,38,
477,T477,OADMET-0006122,test,8cct,1,,ok,ok,21,21,34,
477,A1443,OCNT-2310748,train_anchor,8cct,1,4.89,ok,ok,25,25,45,
479,T479,OADMET-0006120,test,8r82,1,,ok,ok,22,22,39,
479,A2436,OCNT-2312754,train_anchor,8r82,1,5.79,ok,ok,28,28,45,
483,T049,OADMET-0006567,test,7rio,1,,ok,ok,24,24,43,
483,T091,OADMET-0006522,test,7rio,1,,ok,ok,25,25,41,
483,T270,OADMET-0006336,test,7rio,1,,ok,ok,25,25,44,
483,T342,OADMET-0006264,test,7rio,1,,ok,ok,23,23,40,
483,T381,OADMET-0006222,test,7rio,1,,ok,ok,23,23,43,
483,T483,OADMET-0006116,test,7rio,1,,ok,ok,23,23,40,
483,A2109,OCNT-2315472,train_anchor,7rio,1,6.6850000000000005,ok,ok,23,23,45,
484,T063,OADMET-0006552,test,7axe,1,,ok,ok,22,22,42,
484,T071,OADMET-0006544,test,7axe,1,,ok,ok,22,22,42,
484,T234,OADMET-0006372,test,7axe,1,,ok,ok,24,24,42,
484,T266,OADMET-0006340,test,7axe,1,,ok,ok,23,23,45,
484,T353,OADMET-0006251,test,7axe,1,,ok,ok,26,26,52,
484,T379,OADMET-0006225,test,7axe,1,,ok,ok,21,21,41,
484,T446,OADMET-0006155,test,7axe,1,,ok,ok,22,22,44,
484,T449,OADMET-0006151,test,7axe,1,,ok,ok,24,24,47,
484,T484,OADMET-0006115,test,7axe,1,,ok,ok,22,22,44,
484,A1921,OCNT-2317888,train_anchor,7axe,1,5.66,ok,ok,26,26,52,
486,T358,OADMET-0006246,test,8svo,1,,ok,ok,24,24,36,
486,T426,OADMET-0006176,test,8svo,1,,ok,ok,25,25,40,
486,T486,OADMET-0006113,test,8svo,1,,ok,ok,25,25,40,
486,A0562,OCNT-2314578,train_anchor,8svo,1,4.09,ok,ok,28,28,51,
486,A2502,OCNT-2312208,train_anchor,8svo,1,1.76,ok,ok,22,22,36,
486,A0269,OCNT-2316634,train_anchor,8svo,1,4.47,ok,ok,22,22,35,
487,T487,OADMET-0006112,test,8svq,1,,ok,ok,27,27,47,
487,A2013,OCNT-2316557,train_anchor,8svq,1,6.255,ok,ok,26,26,42,
488,T135,OADMET-0006477,test,7rio,1,,ok,ok,26,26,46,
488,T183,OADMET-0006427,test,7rio,1,,ok,ok,24,24,43,
488,T272,OADMET-0006334,test,7rio,1,,ok,ok,23,23,41,
488,T304,OADMET-0006302,test,7rio,1,,ok,ok,25,25,47,
488,T406,OADMET-0006196,test,7rio,1,,ok,ok,24,24,43,
488,T410,OADMET-0006192,test,7rio,1,,ok,ok,24,24,45,
488,T488,OADMET-0006111,test,7rio,1,,ok,ok,25,25,44,
488,A2722,OCNT-2309591,train_anchor,7rio,1,6.11,ok,ok,25,25,47,
489,T163,OADMET-0006448,test,5x0r,1,,ok,ok,26,26,48,
489,T205,OADMET-0006405,test,5x0r,1,,ok,ok,24,24,47,
489,T216,OADMET-0006392,test,5x0r,1,,ok,ok,23,23,45,
489,T225,OADMET-0006382,test,5x0r,1,,ok,ok,27,27,51,
489,T263,OADMET-0006343,test,5x0r,1,,ok,ok,22,22,42,
489,T366,OADMET-0006238,test,5x0r,1,,ok,ok,20,20,38,
489,T412,OADMET-0006190,test,5x0r,1,,ok,ok,22,22,42,
489,T447,OADMET-0006153,test,5x0r,1,,ok,ok,25,25,45,
489,T485,OADMET-0006114,test,5x0r,1,,ok,ok,24,24,48,
489,T489,OADMET-0006110,test,5x0r,1,,ok,ok,26,26,53,
489,A2027,OCNT-2316438,train_anchor,5x0r,1,5.965,ok,ok,25,25,48,
491,T014,OADMET-0006603,test,1skx,1,,ok,ok,27,27,44,
491,T316,OADMET-0006290,test,1skx,1,,ok,ok,24,24,48,
491,T336,OADMET-0006270,test,1skx,1,,ok,ok,25,25,49,
491,T340,OADMET-0006266,test,1skx,1,,ok,ok,23,23,40,
491,T360,OADMET-0006244,test,1skx,1,,ok,ok,23,23,40,
491,T376,OADMET-0006228,test,1skx,1,,ok,ok,22,22,41,
491,T419,OADMET-0006183,test,1skx,1,,ok,ok,23,23,42,
491,T491,OADMET-0006108,test,1skx,1,,ok,ok,26,26,49,
491,A1958,OCNT-2317298,train_anchor,1skx,1,6.845,ok,ok,27,27,50,
493,T315,OADMET-0006291,test,6tfi,1,,ok,ok,24,24,43,
493,T438,OADMET-0006164,test,6tfi,1,,ok,ok,28,28,48,
493,T493,OADMET-0006106,test,6tfi,1,,ok,ok,28,28,50,
493,A2667,OCNT-2310167,train_anchor,6tfi,1,6.07,ok,ok,29,29,51,
493,A0679,OCNT-2313639,train_anchor,6tfi,1,5.15,ok,ok,28,28,45,
495,T026,OADMET-0006591,test,8r81,1,,ok,ok,27,27,54,
495,T095,OADMET-0006518,test,8r81,1,,ok,ok,27,27,56,
495,T115,OADMET-0006498,test,8r81,1,,ok,ok,21,21,46,
495,T320,OADMET-0006286,test,8r81,1,,ok,ok,23,23,46,
495,T325,OADMET-0006281,test,8r81,1,,ok,ok,22,22,49,
495,T495,OADMET-0006104,test,8r81,1,,ok,ok,27,27,51,
495,A1936,OCNT-2317538,train_anchor,8r81,1,5.859999999999999,ok,ok,25,25,50,
496,T123,OADMET-0006490,test,3r8d,1,,ok,ok,26,26,48,
496,T175,OADMET-0006435,test,3r8d,1,,ok,ok,26,26,45,
496,T200,OADMET-0006410,test,3r8d,1,,ok,ok,23,23,45,
496,T271,OADMET-0006335,test,3r8d,1,,ok,ok,24,24,45,
496,T329,OADMET-0006277,test,3r8d,1,,ok,ok,26,26,48,
496,T367,OADMET-0006237,test,3r8d,1,,ok,ok,26,26,47,
496,T377,OADMET-0006227,test,3r8d,1,,ok,ok,23,23,43,
496,T460,OADMET-0006139,test,3r8d,1,,ok,ok,26,26,43,
496,T478,OADMET-0006121,test,3r8d,1,,ok,ok,31,31,55,
496,T496,OADMET-0006103,test,3r8d,1,,ok,ok,29,29,50,
496,A2557,OCNT-2311662,train_anchor,3r8d,1,5.84,ok,ok,33,33,61,
499,T038,OADMET-0006579,test,8svt,1,,ok,ok,24,24,39,
499,T150,OADMET-0006461,test,8svt,1,,ok,ok,23,23,48,
499,T209,OADMET-0006399,test,8svt,1,,ok,ok,29,29,62,
499,T293,OADMET-0006313,test,8svt,1,,ok,ok,23,23,39,
499,T332,OADMET-0006274,test,8svt,1,,ok,ok,24,24,44,
499,T335,OADMET-0006271,test,8svt,1,,ok,ok,23,23,39,
499,T346,OADMET-0006259,test,8svt,1,,ok,ok,28,28,50,
499,T392,OADMET-0006210,test,8svt,1,,ok,ok,23,23,42,
499,T396,OADMET-0006206,test,8svt,1,,ok,ok,22,22,41,
499,T499,OADMET-0006100,test,8svt,1,,ok,ok,24,24,50,
499,A1139,OCNT-2309995,train_anchor,8svt,1,5.33,ok,ok,32,32,57,
499,A2558,OCNT-2311638,train_anchor,8svt,1,5.0,ok,ok,28,28,48,
499,A2056,OCNT-2316176,train_anchor,8svt,1,5.77,ok,ok,25,25,56,
499,A2693,OCNT-2309935,train_anchor,8svt,1,5.76,ok,ok,25,25,46,
500,T500,OADMET-0006099,test,7axf,1,,ok,ok,27,27,54,
500,A0165,OCNT-2317468,train_anchor,7axf,1,4.48,ok,ok,26,26,52,
501,T004,OADMET-0006613,test,8r82,1,,ok,ok,23,23,48,
501,T059,OADMET-0006556,test,8r82,1,,ok,ok,23,23,47,
501,T100,OADMET-0006513,test,8r82,1,,ok,ok,24,24,51,
501,T113,OADMET-0006500,test,8r82,1,,ok,ok,24,24,51,
501,T214,OADMET-0006394,test,8r82,1,,ok,ok,24,24,46,
501,T286,OADMET-0006320,test,8r82,1,,ok,ok,24,24,50,
501,T341,OADMET-0006265,test,8r82,1,,ok,ok,25,25,46,
501,T343,OADMET-0006263,test,8r82,1,,ok,ok,22,22,44,
501,T453,OADMET-0006147,test,8r82,1,,ok,ok,23,23,43,
501,T501,OADMET-0006098,test,8r82,1,,ok,ok,25,25,47,
501,A1975,OCNT-2317134,train_anchor,8r82,1,6.470000000000001,ok,ok,26,26,52,
504,T022,OADMET-0006595,test,7rio,1,,ok,ok,26,26,46,
504,T140,OADMET-0006471,test,7rio,1,,ok,ok,26,26,45,
504,T445,OADMET-0006156,test,7rio,1,,ok,ok,27,27,44,
504,T462,OADMET-0006137,test,7rio,1,,ok,ok,29,29,45,
504,T466,OADMET-0006133,test,7rio,1,,ok,ok,26,26,43,
504,T504,OADMET-0006095,test,7rio,1,,ok,ok,26,26,46,
504,A2126,OCNT-2315327,train_anchor,7rio,1,6.215,ok,ok,29,29,50,
505,T099,OADMET-0006514,test,8r81,1,,ok,ok,24,24,38,
505,T112,OADMET-0006501,test,8r81,1,,ok,ok,28,28,51,
505,T206,OADMET-0006404,test,8r81,1,,ok,ok,25,25,42,
505,T208,OADMET-0006400,test,8r81,1,,ok,ok,26,26,45,
505,T235,OADMET-0006371,test,8r81,1,,ok,ok,23,23,42,
505,T411,OADMET-0006191,test,8r81,1,,ok,ok,25,25,42,
505,T503,OADMET-0006096,test,8r81,1,,ok,ok,25,25,42,
505,T505,OADMET-0006094,test,8r81,1,,ok,ok,24,24,41,
505,A2436,OCNT-2312754,train_anchor,8r81,1,5.79,ok,ok,28,28,45,
506,T121,OADMET-0006492,test,6tfi,1,,ok,ok,32,32,50,
506,T141,OADMET-0006470,test,6tfi,1,,ok,ok,29,29,49,
506,T145,OADMET-0006466,test,6tfi,1,,ok,ok,29,29,49,
506,T233,OADMET-0006373,test,6tfi,1,,ok,ok,30,30,46,
506,T244,OADMET-0006362,test,6tfi,1,,ok,ok,27,27,52,
506,T481,OADMET-0006118,test,6tfi,1,,ok,ok,30,30,47,
506,T498,OADMET-0006101,test,6tfi,1,,ok,ok,28,28,46,
506,T502,OADMET-0006097,test,6tfi,1,,ok,ok,30,30,49,
506,T506,OADMET-0006093,test,6tfi,1,,ok,ok,31,31,49,
506,A1848,OCNT-2318616,train_anchor,6tfi,1,6.63,ok,ok,29,29,49,
507,T084,OADMET-0006530,test,8svq,1,,ok,ok,24,24,47,
507,T160,OADMET-0006451,test,8svq,1,,ok,ok,26,26,48,
507,T275,OADMET-0006331,test,8svq,1,,ok,ok,23,23,41,
507,T322,OADMET-0006284,test,8svq,1,,ok,ok,25,25,44,
507,T420,OADMET-0006182,test,8svq,1,,ok,ok,24,24,46,
507,T494,OADMET-0006105,test,8svq,1,,ok,ok,23,23,45,
507,T507,OADMET-0006092,test,8svq,1,,ok,ok,26,26,45,
507,A2026,OCNT-2316441,train_anchor,8svq,1,6.26,ok,ok,26,26,46,
507,A2807,OCNT-2308554,train_anchor,8svq,1,5.54,ok,ok,28,28,50,
508,T002,OADMET-0006615,test,1skx,1,,ok,ok,26,26,59,
508,T020,OADMET-0006597,test,1skx,1,,ok,ok,26,26,48,
508,T048,OADMET-0006568,test,1skx,1,,ok,ok,25,25,53,
508,T051,OADMET-0006565,test,1skx,1,,ok,ok,23,23,50,
508,T098,OADMET-0006515,test,1skx,1,,ok,ok,22,22,43,
508,T153,OADMET-0006458,test,1skx,1,,ok,ok,22,22,43,
508,T280,OADMET-0006326,test,1skx,1,,ok,ok,23,23,47,
508,T399,OADMET-0006203,test,1skx,1,,ok,ok,27,27,57,
508,T508,OADMET-0006091,test,1skx,1,,ok,ok,24,24,53,
508,A1938,OCNT-2317528,train_anchor,1skx,1,6.01,ok,ok,27,27,51,
509,T006,OADMET-0006611,test,8svt,1,,ok,ok,26,26,46,
509,T029,OADMET-0006588,test,8svt,1,,ok,ok,28,28,50,
509,T031,OADMET-0006586,test,8svt,1,,ok,ok,25,25,48,
509,T033,OADMET-0006584,test,8svt,1,,ok,ok,25,25,50,
509,T157,OADMET-0006454,test,8svt,1,,ok,ok,25,25,50,
509,T276,OADMET-0006330,test,8svt,1,,ok,ok,22,22,43,
509,T327,OADMET-0006279,test,8svt,1,,ok,ok,24,24,48,
509,T364,OADMET-0006240,test,8svt,1,,ok,ok,25,25,42,
509,T509,OADMET-0006090,test,8svt,1,,ok,ok,25,25,46,
509,A1874,OCNT-2318311,train_anchor,8svt,1,6.215,ok,ok,29,29,53,
511,T024,OADMET-0006593,test,9fzi,1,,ok,ok,23,23,43,
511,T338,OADMET-0006268,test,9fzi,1,,ok,ok,25,25,50,
511,T511,OADMET-0004675,test,9fzi,1,,ok,ok,22,22,45,
511,A2747,OCNT-2309356,train_anchor,9fzi,1,6.855,ok,ok,25,25,48,
512,T512,OADMET-0004674,test,8svq,1,,ok,ok,21,21,36,
512,A2535,OCNT-2311864,train_anchor,8svq,1,6.345000000000001,ok,ok,25,25,43,
